name,id,rbd5,rbd3,expression
Ag_tag_A_(ERCC2),1,TTACTTCCATTTCCGCCCAA,GCTGCTCACAGTATACGGGC,,
Ag_tag_B_(ERCC3),1,ATTAAGGCAGAGGCGTTTGT,ATCTGCCATTATAAAGAAGT,,
Ag_tag_C_(ERCC4),1,CAACAATAACGTCTCTTTCA,GAAGGCATTGGTATCTTTTC,,
CHIKV_5_(0-7566),1,AAGATGATTCACTTGCGCTT,ACCGCCTTAATGCTGTTAGA,,
CHIKV_5_(0-7566),2,CAGTAGGAACCGCAAAAACA,GTTATGTGCGGTACGTATCC,,
CHIKV_5_(0-7566),3,GAGGATAGTGGTTAACGGCA,GAACGCAACGGAACACGAAC,,
CHIKV_5_(0-7566),4,CAGACGTCGCGATATACCAA,GACGTCTATGCTGTACACGC,,
CHIKV_5_(0-7566),5,TCAACGTACTCCTAACGCGT,ACGGAAGGTAAACTGGTATG,,
CHIKV_5_(0-7566),6,GTGTCTTTGCCGGTATGCCA,TGACTCCTGAACGCGTCACC,,
CHIKV_5_(0-7566),7,GACCCCGAAAGTCCCGACTT,ATCGGACCATATACCCGGCG,,
CHIK_5_(0-7566),8,TGGTACTGGTGGGCGACTTG,TGGTACTGGTGGGCGACTTG,,
CHIKV_negative_(0-12036),1,ATAACATCTCCTACGTCCCT,ATGGGTACGGAGAATTGTGG,,
CHIKV_negative_(0-12036),2,AATTTGAGAAGTTTGGTCCT,ACGGCGTGGATTACTGGATA,,
CHIKV_negative_(0-12036),3,GATTCTAGTCCTCAACGGGA,TTGACAACCCGGACGACCAC,,
CHIKV_negative_(0-12036),4,TTTTTAGCCCTTCGTATGCG,AATTCGTGGTAGGGCGGATT,,
CHIKV_negative_(0-12036),5,AATGAAATTTTTCCCGGCCT,ATCACAGGAGGGTCGTGGTG,,
CHIKV_negative_(0-12036),6,ATTTAGGACCGCCGTACAAA,GTTATGACGGGTCCTCTGAG,,
CHIKV_negative_(0-12036),7,CGTCCTTAACTGTGACGGCA,TGGTCGCCGTTTGCATAAGC,,
CHIKV_negative_(0-12036),8,CGCCGGGTATATGGTCCGAT,AAGTCGGGACTTTCGGGGTC,,
CHIKV_sgRNA_(7566-12036),1,GCTTATGCAAACGGCGACCA,TGCCGTCACAGTTAAGGACG,,
CHIKV_sgRNA_(7566-12036),2,ATAAAATCGTGGTGTACAAA,GGCGACGTCTACAACATGGA,,
CHIKV_sgRNA_(7566-12036),3,CTCACTTTGAGATGTAGGCA,TAGCATACCGAACTCTTCCA,,
CHIKV_sgRNA_(7566-12036),4,GCGACACTGAAAATACGCAA,GCGACACTGAAAATACGCAA,,
CHIKV_sgRNA_(7566-12036),5,AACGCATCAGAAACGAAGCG,ACAGACGGGACGCTGAAAAT,,
CHIKV_sgRNA_(7566-12036),6,TGATGTCACAACAGTCCGGT,AATGTAAAGATCACAGTCAA,,
CHIKV_sgRNA_(7566-12036),7,CAAGTGTGCGGTGCATTCGA,TGACTAACGCCGTCACTATT,,
CHIKV_sgRNA_(7566-12036),8,GTGTCAGTGGCCTCGTTCGT,ACTCCTGTCGATGGTGGGTG,,
DNA_only_T2_Control_Ag_tag_(ERCC16),1,GTTGTAACGAATGTTAATTT,AGGAGGCAAGAGTTTGTGGG,,
GeoMx_Barcode01_ERCC00142,1,CCTTCTAATGTTAACGCCCG,AATATTAGTCATATTTTGCT,,
GeoMx_Barcode02_ERCC00144,1,ATACCTTAGTCACATATACT,ATCGTAATATTGGCGGTTGC,,
LCMV_(Armstrong)_Segment,1,CAGAGCTTAAGTGTTTCGGG,AACACAGCAGTTGCGAAATG,,
LCMV_(Armstrong)_Segment,2,ATTTCCACTGGATCATTAAA,TCTACCCTCAATGTCAATCC,,
LCMV_(Armstrong)_Segment,3,CATTATTGTGCTTATCGTGA,TCACGGGTATCAAGGCTGTC,,
LCMV_(Armstrong)_Segment,4,CTGCTTTGAGTAAGTTCAAA,GAGGACGTAGAATCTGCCTT,,
LCMV_(Armstrong)_Segment,5,CTTCAACAATGGCATAACCA,TCCAATACAACTTGACATTC,,
LCMV_(Armstrong)_Segment,6,AGCCATAGTTAGACTTGGCA,TTGTGCCAAATTGATTGTTC,,
LCMV_(Armstrong)_Segment,7,GGGGATCCTAGGCTTTTTGG,ATTGCGCTTTCCTCTAGATC,,
LCMV_(Armstrong)_Segment,8,CCTGTGGCATGTACGGTCTT,AAGGGACCCGACATTTACAA,,
Listeria_monocytogenes_10403S_gyrase_B_CP002002_1,1,GAAGATGTTCGTGAAGGTTT,AACGGCGATTATTTCTATCA,,
Listeria_monocytogenes_10403S_gyrase_B_CP002002_1,2,GGATACAACAATGAATCCGG,AACACCGTACACTACTTCAA,,
Listeria_monocytogenes_10403S_gyrase_B_CP002002_1,3,GTCGTGACCGTTTATTCCAA,GCGATTTTGCCGATTCGTGG,,
Listeria_monocytogenes_10403S_gyrase_B_CP002002_1,4,AAATTCAGAAGCCCGTTCAA,TCACGGATAAGCTATTTTCT,,
Listeria_monocytogenes_10403S_gyrase_B_CP002002_1,5,AAAAAGCACGTTTAGACCGT,ATTCTAGCTAACGAAGAAAT,,
Listeria_monocytogenes_10403S_gyrase_B_CP002002_1,6,CCGTAATCCTGAAATCAGCG,AACTTTACATCGTTGAGGGT,,
Listeria_monocytogenes_10403S_gyrase_B_CP002002_1,7,GCAACCACCGCTTTACCAAA,TTAAGCATGGTAAACAAATA,,
Listeria_monocytogenes_10403S_gyrase_B_CP002002_1,8,GCGTGGAACCTCGTCGTAAA,TTCATCGAAGACAACGCACA,,
mRNA_vaccine_(3_UTR),1,AGTGATTAACCTTTAGCAAT,AAACGAAAGTTTAACTAAGC,,
mRNA_vaccine_(eGFP),1,CTACAACAGCCACAACGTCT,ATATCATGGCCGACAAGCAG,,
mRNA_vaccine_(eGFP),2,GCGCACCATCTTCTTCAAGG,ACGACGGCAACTACAAGACC,,
mRNA_vaccine_(eGFP),3,CATCGAGCTGAAGGGCATCG,ACTTCAAGGAGGACGGCAAC,,
mRNA_vaccine_(eGFP),4,CCTGAGCAAAGACCCCAACG,AGAAGCGCGATCACATGGTC,,
mRNA_vaccine_(eGFP),5,CGCTACCCCGACCACATGAA,GCAGCACGACTTCTTCAAGT,,
mRNA_vaccine_(eGFP),6,CGGGATCACTCTCGGCATGG,ACGAGCTGTACAAGTGATGA,,
mRNA_vaccine_(FLAG_3x),1,CCATGACGGTGATTATAAAG,ATCACGACATCGACTACAAG,,
mRNA_vaccine_(ovalbumin),1,ACTAGAACTCAGATCAATAA,GGTAGTCCGGTTCGACAAGC,,
mRNA_vaccine_(ovalbumin),2,TTTAAAGAACTTAAAGTGCA,TCATGCCAACGAGAATATTT,,
mRNA_vaccine_(ovalbumin),3,TGGGTAGAGTCACAAACTAA,TGGCATCATTCGCAACGTGC,,
mRNA_vaccine_(ovalbumin),4,CTGTTCTTATGGCTATGGGT,ATCACCGACGTATTTTCCTC,,
mRNA_vaccine_(ovalbumin),5,GAAGTTTCAGGTCTTGAGCA,GCTCGAATCAATCATAAATT,,
mRNA_vaccine_(ovalbumin),6,TTCACTTGCTTCTCGGCTCT,ACGCAGAAGAGAGATACCCA,,
mRNA_vaccine_(ovalbumin),7,GGCGGGCTTGAACCTATCAA,TTTTCAGACCGCTGCAGATC,,
mRNA_vaccine_(ovalbumin),8,AGAGCAAACCCGTGCAGATG,ATGTACCAAATAGGCCTGTT,,
T2_Resistant_Ag_tag_(ERCC12),1,TGTTTGTAGGTGCGAAGAAA,GAGCGGTCTACCTTAGCTGT,,
T2_Sensitive_Ag_tag_(ERCC9),1,TCTCGCGTTGTTTGTGGT,AGTTCAGCCAATAGATGC,,
Vaccinia_(Western_Reserve)_J6R,1,TAATGCTATTAAGGTTAAGG,ATCTGTACGATATGATTCAT,,
Vaccinia_(Western_Reserve)_J6R,2,GTAAGAATAAGACCGAAATT,ATCACTCTGGTATCCGATGA,,
Vaccinia_(Western_Reserve)_J6R,3,AGTTATAGGTAATACGCTCA,TCAAGTACGCCGCCAATTAT,,
Vaccinia_(Western_Reserve)_J6R,4,TGTAATCTCTAAGGTTACGT,ATAGTCTATATGATCAAAAA,,
Vaccinia_(Western_Reserve)_J6R,5,TGGTGAAATTATTGCAAACG,ACGTAGATAGTAATTTTGTT,,
Vaccinia_(Western_Reserve)_J6R,6,ATCCTGGAGTATGGAATACA,TACGATATCTTCGGTATCGA,,
Vaccinia_(Western_Reserve)_J6R,7,ATTGGCTGGACTCTTATCCG,ATCATAAGTCGAACGTGGAA,,
Vaccinia_(Western_Reserve)_J6R,8,TCCCATCCCTCCGTTGATTA,TTAGACCGGCTATTAGTTTT,,
